Input,Best Lag (h),Max Corr
Walnut_Creek_at_Buck_Jones_Road_02087337,1,0.7103236250182554
Walnut_Creek_at_South_Wilmington_St_0208734795,1,0.9030428361355934
Walnut_Creek_at_Trailwood_Drive_0208734210,1,0.9127849305353984
Rain_Gage_at_Lake_Johnson_354546078422045,2,0.5540819497545412
